sample,implementation,query_count,build_seconds,build_rss_mb,total_seconds,mean_seconds,p50_seconds,p95_seconds,p99_seconds,throughput_qps
300x480,sql,10,0.0,0.0,0.003844,0.00038438,0.0002739,0.0008556,0.00106552,2601.5922
300x480,sql,100,0.0,0.0,0.040455,0.00040455,0.0003654,0.00073534,0.00085892,2471.9129
300x480,persistent_segment_tree,10,0.000732,0.2148,0.000173,1.728e-05,1.12e-05,4.583e-05,6.437e-05,57870.3695
300x480,persistent_segment_tree,100,0.000732,0.2148,0.001144,1.144e-05,9.65e-06,2.193e-05,2.495e-05,87412.5884
300x480,t_digest,10,0.00058,0.0078,0.001657,0.00016567,0.0001145,0.00043894,0.00051339,6036.0958
300x480,t_digest,100,0.00058,0.0078,0.018857,0.00018857,0.0001393,0.00046982,0.00077433,5302.9299
