sample,scenario,implementation,query_count,build_seconds,build_rss_mb,total_seconds,mean_seconds,p50_seconds,p95_seconds,p99_seconds,throughput_qps,speedup_vs_sql
300x480,range_max_amount,sql,10,0.0,0.0,0.004897,0.00048968,0.0001921,0.00185601,0.00288136,2042.15,1.0
300x480,range_max_amount,sql,100,0.0,0.0,0.035108,0.00035108,0.0002566,0.00090257,0.00158726,2848.3861,1.0
300x480,range_max_amount,algo_module,10,0.000533,0.0273,0.000265,2.65e-05,8.45e-06,9.466e-05,0.00011421,37735.8498,18.4792
300x480,range_max_amount,algo_module,100,0.000533,0.0273,0.001348,1.348e-05,7.2e-06,6.587e-05,0.00011923,74161.9693,26.0445
300x480,range_kth_volume,sql,10,0.0,0.0,0.004177,0.00041766,0.00033745,0.0008731,0.0008875,2394.292,1.0
300x480,range_kth_volume,sql,100,0.0,0.0,0.033843,0.00033843,0.00031595,0.00060572,0.0008515,2954.7946,1.0
300x480,range_kth_volume,algo_module,10,0.002162,0.1953,0.0002,1.999e-05,9.6e-06,5.842e-05,6.216e-05,50025.0121,20.885
300x480,range_kth_volume,algo_module,100,0.002162,0.1953,0.000952,9.52e-06,7.1e-06,1.141e-05,6.355e-05,105075.1299,35.5494
